,Entity,Code,Year,Solar Capacity,country_id,continent_id,year_id
0,Africa,,1996,0.0011124251999999,2,7,32
1,Africa,,1997,0.0031372757,2,7,33
2,Africa,,1998,0.0051621259999999,2,7,34
3,Africa,,1999,0.008199402,2,7,35
4,Africa,,2000,0.010927,2,7,36
5,Africa,,2001,0.013028999,2,7,37
6,Africa,,2002,0.015243,2,7,38
7,Africa,,2003,0.018019001,2,7,39
8,Africa,,2004,0.0219959999999999,2,7,40
9,Africa,,2005,0.025965,2,7,41
10,Africa,,2006,0.034268,2,7,42
11,Africa,,2007,0.046656002,2,7,43
12,Africa,,2008,0.063372997,2,7,44
13,Africa,,2009,0.106845,2,7,45
14,Africa,,2010,0.193842,2,7,46
15,Africa,,2011,0.2663879999999999,2,7,47
16,Africa,,2012,0.345954,2,7,48
17,Africa,,2013,0.6669729999999999,2,7,49
18,Africa,,2014,1.57312,2,7,50
19,Africa,,2015,1.930761,2,7,51
20,Africa,,2016,2.988417,2,7,52
21,Africa,,2017,4.711063,2,7,53
22,Africa,,2018,7.210268,2,7,54
23,Africa,,2019,8.415319,2,7,55
24,Africa,,2020,9.703859,2,7,56
25,Africa,,2021,10.30226,2,7,57
26,Africa (BP),,1996,0.0010124252,3,7,32
27,Africa (BP),,1997,0.0030372756,3,7,33
28,Africa (BP),,1998,0.005062126,3,7,34
29,Africa (BP),,1999,0.008099401,3,7,35
30,Africa (BP),,2000,0.010927,3,7,36
31,Africa (BP),,2001,0.013029,3,7,37
32,Africa (BP),,2002,0.015243,3,7,38
33,Africa (BP),,2003,0.018019,3,7,39
34,Africa (BP),,2004,0.0219959999999999,3,7,40
35,Africa (BP),,2005,0.025965,3,7,41
36,Africa (BP),,2006,0.034268,3,7,42
37,Africa (BP),,2007,0.046656,3,7,43
38,Africa (BP),,2008,0.063373,3,7,44
39,Africa (BP),,2009,0.106845,3,7,45
40,Africa (BP),,2010,0.193842,3,7,46
41,Africa (BP),,2011,0.2663879999999999,3,7,47
42,Africa (BP),,2012,0.345954,3,7,48
43,Africa (BP),,2013,0.6669729999999999,3,7,49
44,Africa (BP),,2014,1.57312,3,7,50
45,Africa (BP),,2015,1.930761,3,7,51
46,Africa (BP),,2016,2.988417,3,7,52
47,Africa (BP),,2017,4.711063,3,7,53
48,Africa (BP),,2018,7.210268,3,7,54
49,Africa (BP),,2019,8.415319,3,7,55
50,Africa (BP),,2020,9.703859,3,7,56
51,Africa (BP),,2021,10.30226,3,7,57
52,Algeria,DZA,1996,0.0,6,1,32
53,Algeria,DZA,1997,0.0,6,1,33
54,Algeria,DZA,1998,0.0,6,1,34
55,Algeria,DZA,1999,0.0,6,1,35
56,Algeria,DZA,2000,0.0,6,1,36
57,Algeria,DZA,2001,0.0,6,1,37
58,Algeria,DZA,2002,0.0,6,1,38
59,Algeria,DZA,2003,0.0,6,1,39
60,Algeria,DZA,2004,0.0,6,1,40
61,Algeria,DZA,2005,0.0,6,1,41
62,Algeria,DZA,2006,0.0,6,1,42
63,Algeria,DZA,2007,0.0,6,1,43
64,Algeria,DZA,2008,0.0,6,1,44
65,Algeria,DZA,2009,0.0,6,1,45
66,Algeria,DZA,2010,0.0,6,1,46
67,Algeria,DZA,2011,0.0,6,1,47
68,Algeria,DZA,2012,0.0,6,1,48
69,Algeria,DZA,2013,0.0,6,1,49
70,Algeria,DZA,2014,0.0011,6,1,50
71,Algeria,DZA,2015,0.0491,6,1,51
72,Algeria,DZA,2016,0.2191,6,1,52
73,Algeria,DZA,2017,0.4,6,1,53
74,Algeria,DZA,2018,0.423,6,1,54
75,Algeria,DZA,2019,0.423,6,1,55
76,Algeria,DZA,2020,0.423,6,1,56
77,Algeria,DZA,2021,0.423,6,1,57
78,Argentina,ARG,1996,0.0,10,3,32
79,Argentina,ARG,1997,0.0,10,3,33
80,Argentina,ARG,1998,0.0,10,3,34
81,Argentina,ARG,1999,0.0,10,3,35
82,Argentina,ARG,2000,2.5e-05,10,3,36
83,Argentina,ARG,2001,2.6e-05,10,3,37
84,Argentina,ARG,2002,2.6e-05,10,3,38
85,Argentina,ARG,2003,2.6e-05,10,3,39
86,Argentina,ARG,2004,2.6e-05,10,3,40
87,Argentina,ARG,2005,2.6e-05,10,3,41
88,Argentina,ARG,2006,2.6e-05,10,3,42
89,Argentina,ARG,2007,2.6e-05,10,3,43
90,Argentina,ARG,2008,2.6e-05,10,3,44
91,Argentina,ARG,2009,2.6e-05,10,3,45
92,Argentina,ARG,2010,2.6e-05,10,3,46
93,Argentina,ARG,2011,0.001252,10,3,47
94,Argentina,ARG,2012,0.006252,10,3,48
95,Argentina,ARG,2013,0.008257,10,3,49
96,Argentina,ARG,2014,0.008252,10,3,50
97,Argentina,ARG,2015,0.008618,10,3,51
98,Argentina,ARG,2016,0.008806,10,3,52
99,Argentina,ARG,2017,0.008806,10,3,53
100,Argentina,ARG,2018,0.191236,10,3,54
101,Argentina,ARG,2019,0.442111,10,3,55
102,Argentina,ARG,2020,0.764135,10,3,56
103,Argentina,ARG,2021,1.071366,10,3,57
104,Asia,,1996,0.061,13,7,32
105,Asia,,1997,0.0938,13,7,33
106,Asia,,1998,0.1393,13,7,34
107,Asia,,1999,0.2214,13,7,35
108,Asia,,2000,0.37112,13,7,36
109,Asia,,2001,0.50622998,13,7,37
110,Asia,,2002,0.712151,13,7,38
111,Asia,,2003,0.95082,13,7,39
112,Asia,,2004,1.241006,13,7,40
113,Asia,,2005,1.6106339,13,7,41
114,Asia,,2006,1.972485,13,7,42
115,Asia,,2007,2.298976,13,7,43
116,Asia,,2008,2.878011,13,7,44
117,Asia,,2009,3.7645862,13,7,45
118,Asia,,2010,5.629264,13,7,46
119,Asia,,2011,9.88405,13,7,47
120,Asia,,2012,16.54569,13,7,48
121,Asia,,2013,36.577152000000005,13,7,49
122,Asia,,2014,61.170582,13,7,50
123,Asia,,2015,91.58862,13,7,51
124,Asia,,2016,142.65352,13,7,52
125,Asia,,2017,217.31088,13,7,53
126,Asia,,2018,284.53244,13,7,54
127,Asia,,2019,344.22016,13,7,55
128,Asia,,2020,423.60356,13,7,56
129,Asia,,2021,501.57628000000005,13,7,57
130,Asia Pacific (BP),,1996,0.077,15,7,32
131,Asia Pacific (BP),,1997,0.1125,15,7,33
132,Asia Pacific (BP),,1998,0.162,15,7,34
133,Asia Pacific (BP),,1999,0.246,15,7,35
134,Asia Pacific (BP),,2000,0.395655,15,7,36
135,Asia Pacific (BP),,2001,0.5345599999999999,15,7,37
136,Asia Pacific (BP),,2002,0.7451810000000001,15,7,38
137,Asia Pacific (BP),,2003,0.98845,15,7,39
138,Asia Pacific (BP),,2004,1.285106,15,7,40
139,Asia Pacific (BP),,2005,1.6591710000000002,15,7,41
140,Asia Pacific (BP),,2006,2.029164,15,7,42
141,Asia Pacific (BP),,2007,2.363006,15,7,43
142,Asia Pacific (BP),,2008,2.951403,15,7,44
143,Asia Pacific (BP),,2009,4.052475,15,7,45
144,Asia Pacific (BP),,2010,6.625174,15,7,46
145,Asia Pacific (BP),,2011,12.136772,15,7,47
146,Asia Pacific (BP),,2012,20.023832,15,7,48
147,Asia Pacific (BP),,2013,40.64408,15,7,49
148,Asia Pacific (BP),,2014,65.618234,15,7,50
149,Asia Pacific (BP),,2015,96.157164,15,7,51
150,Asia Pacific (BP),,2016,146.79978,15,7,52
151,Asia Pacific (BP),,2017,218.84447,15,7,53
152,Asia Pacific (BP),,2018,284.15684000000005,15,7,54
153,Asia Pacific (BP),,2019,344.11662,15,7,55
154,Asia Pacific (BP),,2020,425.32716,15,7,56
155,Asia Pacific (BP),,2021,501.6153,15,7,57
156,Australia,AUS,1996,0.016,16,4,32
157,Australia,AUS,1997,0.019,16,4,33
158,Australia,AUS,1998,0.023,16,4,34
159,Australia,AUS,1999,0.025,16,4,35
160,Australia,AUS,2000,0.025,16,4,36
161,Australia,AUS,2001,0.029,16,4,37
162,Australia,AUS,2002,0.034,16,4,38
163,Australia,AUS,2003,0.039,16,4,39
164,Australia,AUS,2004,0.046,16,4,40
165,Australia,AUS,2005,0.052,16,4,41
166,Australia,AUS,2006,0.061,16,4,42
167,Australia,AUS,2007,0.07,16,4,43
168,Australia,AUS,2008,0.082,16,4,44
169,Australia,AUS,2009,0.329,16,4,45
170,Australia,AUS,2010,1.088,16,4,46
171,Australia,AUS,2011,2.47,16,4,47
172,Australia,AUS,2012,3.796,16,4,48
173,Australia,AUS,2013,4.565,16,4,49
174,Australia,AUS,2014,5.284,16,4,50
175,Australia,AUS,2015,5.9430000000000005,16,4,51
176,Australia,AUS,2016,6.686,16,4,52
177,Australia,AUS,2017,7.352,16,4,53
178,Australia,AUS,2018,8.623,16,4,54
179,Australia,AUS,2019,12.967,16,4,55
180,Australia,AUS,2020,17.342,16,4,56
181,Australia,AUS,2021,19.074,16,4,57
182,Austria,AUT,1996,0.0017,17,5,32
183,Austria,AUT,1997,0.0022,17,5,33
184,Austria,AUT,1998,0.0029,17,5,34
185,Austria,AUT,1999,0.0037,17,5,35
186,Austria,AUT,2000,0.005,17,5,36
187,Austria,AUT,2001,0.007,17,5,37
188,Austria,AUT,2002,0.009,17,5,38
189,Austria,AUT,2003,0.023,17,5,39
190,Austria,AUT,2004,0.027,17,5,40
191,Austria,AUT,2005,0.021018,17,5,41
192,Austria,AUT,2006,0.022387,17,5,42
193,Austria,AUT,2007,0.024238,17,5,43
194,Austria,AUT,2008,0.03012,17,5,44
195,Austria,AUT,2009,0.048915,17,5,45
196,Austria,AUT,2010,0.088813,17,5,46
197,Austria,AUT,2011,0.17407,17,5,47
198,Austria,AUT,2012,0.337483,17,5,48
199,Austria,AUT,2013,0.625974,17,5,49
200,Austria,AUT,2014,0.785246,17,5,50
201,Austria,AUT,2015,0.937098,17,5,51
202,Austria,AUT,2016,1.096016,17,5,52
203,Austria,AUT,2017,1.268971,17,5,53
204,Austria,AUT,2018,1.455132,17,5,54
205,Austria,AUT,2019,1.702093,17,5,55
206,Austria,AUT,2020,2.042934,17,5,56
207,Austria,AUT,2021,2.6919340000000003,17,5,57
208,Belgium,BEL,1996,0.0,24,5,32
209,Belgium,BEL,1997,0.0,24,5,33
210,Belgium,BEL,1998,0.0,24,5,34
211,Belgium,BEL,1999,0.0,24,5,35
212,Belgium,BEL,2000,0.0,24,5,36
213,Belgium,BEL,2001,0.0,24,5,37
214,Belgium,BEL,2002,0.001,24,5,38
215,Belgium,BEL,2003,0.001,24,5,39
216,Belgium,BEL,2004,0.001,24,5,40
217,Belgium,BEL,2005,0.002,24,5,41
218,Belgium,BEL,2006,0.002,24,5,42
219,Belgium,BEL,2007,0.02,24,5,43
220,Belgium,BEL,2008,0.062,24,5,44
221,Belgium,BEL,2009,0.386,24,5,45
222,Belgium,BEL,2010,1.0066,24,5,46
223,Belgium,BEL,2011,1.9786,24,5,47
224,Belgium,BEL,2012,2.6466,24,5,48
225,Belgium,BEL,2013,2.9016,24,5,49
226,Belgium,BEL,2014,3.015,24,5,50
227,Belgium,BEL,2015,3.1316,24,5,51
228,Belgium,BEL,2016,3.3288,24,5,52
229,Belgium,BEL,2017,3.6206,24,5,53
230,Belgium,BEL,2018,4.0,24,5,54
231,Belgium,BEL,2019,4.6366000000000005,24,5,55
232,Belgium,BEL,2020,5.574800000000001,24,5,56
233,Belgium,BEL,2021,6.584600000000001,24,5,57
234,Brazil,BRA,1996,0.0,32,3,32
235,Brazil,BRA,1997,0.0,32,3,33
236,Brazil,BRA,1998,0.0,32,3,34
237,Brazil,BRA,1999,0.0,32,3,35
238,Brazil,BRA,2000,0.0,32,3,36
239,Brazil,BRA,2001,3.6e-05,32,3,37
240,Brazil,BRA,2002,3.6e-05,32,3,38
241,Brazil,BRA,2003,0.000716,32,3,39
242,Brazil,BRA,2004,0.000718,32,3,40
243,Brazil,BRA,2005,0.000718,32,3,41
244,Brazil,BRA,2006,0.000718,32,3,42
245,Brazil,BRA,2007,0.000718,32,3,43
246,Brazil,BRA,2008,0.000764,32,3,44
247,Brazil,BRA,2009,0.0008139999999999,32,3,45
248,Brazil,BRA,2010,0.000854,32,3,46
249,Brazil,BRA,2011,0.006097,32,3,47
250,Brazil,BRA,2012,0.006608,32,3,48
251,Brazil,BRA,2013,0.012528,32,3,49
252,Brazil,BRA,2014,0.020697,32,3,50
253,Brazil,BRA,2015,0.045567,32,3,51
254,Brazil,BRA,2016,0.127789,32,3,52
255,Brazil,BRA,2017,1.206787,32,3,53
256,Brazil,BRA,2018,2.435022,32,3,54
257,Brazil,BRA,2019,4.613191,32,3,55
258,Brazil,BRA,2020,7.879157,32,3,56
259,Brazil,BRA,2021,13.054926,32,3,57
260,Bulgaria,BGR,1996,0.0,35,5,32
261,Bulgaria,BGR,1997,0.0,35,5,33
262,Bulgaria,BGR,1998,0.0,35,5,34
263,Bulgaria,BGR,1999,0.0,35,5,35
264,Bulgaria,BGR,2000,0.0,35,5,36
265,Bulgaria,BGR,2001,0.0,35,5,37
266,Bulgaria,BGR,2002,0.0,35,5,38
267,Bulgaria,BGR,2003,0.0,35,5,39
268,Bulgaria,BGR,2004,0.0,35,5,40
269,Bulgaria,BGR,2005,0.0,35,5,41
270,Bulgaria,BGR,2006,0.0,35,5,42
271,Bulgaria,BGR,2007,3e-05,35,5,43
272,Bulgaria,BGR,2008,0.0001,35,5,44
273,Bulgaria,BGR,2009,0.002,35,5,45
274,Bulgaria,BGR,2010,0.025,35,5,46
275,Bulgaria,BGR,2011,0.154,35,5,47
276,Bulgaria,BGR,2012,1.013,35,5,48
277,Bulgaria,BGR,2013,1.02,35,5,49
278,Bulgaria,BGR,2014,1.026,35,5,50
279,Bulgaria,BGR,2015,1.029,35,5,51
280,Bulgaria,BGR,2016,1.028,35,5,52
281,Bulgaria,BGR,2017,1.03557,35,5,53
282,Bulgaria,BGR,2018,1.032679,35,5,54
283,Bulgaria,BGR,2019,1.0479500000000002,35,5,55
284,Bulgaria,BGR,2020,1.097357,35,5,56
285,Bulgaria,BGR,2021,1.186357,35,5,57
286,CIS (BP),,1996,0.0,38,8,32
287,CIS (BP),,1997,0.0,38,8,33
288,CIS (BP),,1998,0.0,38,8,34
289,CIS (BP),,1999,0.0,38,8,35
290,CIS (BP),,2000,0.0,38,8,36
291,CIS (BP),,2001,0.0,38,8,37
292,CIS (BP),,2002,0.0,38,8,38
293,CIS (BP),,2003,0.0,38,8,39
294,CIS (BP),,2004,0.0,38,8,40
295,CIS (BP),,2005,6.3e-05,38,8,41
296,CIS (BP),,2006,7.9e-05,38,8,42
297,CIS (BP),,2007,0.0006969999999999,38,8,43
298,CIS (BP),,2008,0.0004849999999999,38,8,44
299,CIS (BP),,2009,0.000298,38,8,45
300,CIS (BP),,2010,0.001577,38,8,46
301,CIS (BP),,2011,0.002018,38,8,47
302,CIS (BP),,2012,0.003529,38,8,48
303,CIS (BP),,2013,0.019021,38,8,49
304,CIS (BP),,2014,0.088825,38,8,50
305,CIS (BP),,2015,0.216823,38,8,51
306,CIS (BP),,2016,0.307539,38,8,52
307,CIS (BP),,2017,0.5123759999999999,38,8,53
308,CIS (BP),,2018,1.21778,38,8,54
309,CIS (BP),,2019,2.61892,38,8,55
310,CIS (BP),,2020,3.34832,38,8,56
311,CIS (BP),,2021,4.911386,38,8,57
312,Canada,CAN,1996,0.003,41,2,32
313,Canada,CAN,1997,0.003,41,2,33
314,Canada,CAN,1998,0.005,41,2,34
315,Canada,CAN,1999,0.006,41,2,35
316,Canada,CAN,2000,0.007,41,2,36
317,Canada,CAN,2001,0.009,41,2,37
318,Canada,CAN,2002,0.01,41,2,38
319,Canada,CAN,2003,0.012,41,2,39
320,Canada,CAN,2004,0.014,41,2,40
321,Canada,CAN,2005,0.018,41,2,41
322,Canada,CAN,2006,0.022,41,2,42
323,Canada,CAN,2007,0.029,41,2,43
324,Canada,CAN,2008,0.038,41,2,44
325,Canada,CAN,2009,0.107,41,2,45
326,Canada,CAN,2010,0.249,41,2,46
327,Canada,CAN,2011,0.628,41,2,47
328,Canada,CAN,2012,0.766,41,2,48
329,Canada,CAN,2013,1.21,41,2,49
330,Canada,CAN,2014,1.843,41,2,50
331,Canada,CAN,2015,2.519,41,2,51
332,Canada,CAN,2016,2.665,41,2,52
333,Canada,CAN,2017,2.932,41,2,53
334,Canada,CAN,2018,3.095,41,2,54
335,Canada,CAN,2019,3.327,41,2,55
336,Canada,CAN,2020,3.342,41,2,56
337,Canada,CAN,2021,3.6296,41,2,57
338,Chile,CHL,1996,0.0,47,3,32
339,Chile,CHL,1997,0.0,47,3,33
340,Chile,CHL,1998,0.0,47,3,34
341,Chile,CHL,1999,0.0,47,3,35
342,Chile,CHL,2000,0.0,47,3,36
343,Chile,CHL,2001,0.0,47,3,37
344,Chile,CHL,2002,0.0,47,3,38
345,Chile,CHL,2003,0.0,47,3,39
346,Chile,CHL,2004,0.0,47,3,40
347,Chile,CHL,2005,0.0,47,3,41
348,Chile,CHL,2006,0.0,47,3,42
349,Chile,CHL,2007,0.0,47,3,43
350,Chile,CHL,2008,0.0,47,3,44
351,Chile,CHL,2009,0.0,47,3,45
352,Chile,CHL,2010,0.0,47,3,46
353,Chile,CHL,2011,0.0,47,3,47
354,Chile,CHL,2012,0.002,47,3,48
355,Chile,CHL,2013,0.015,47,3,49
356,Chile,CHL,2014,0.221,47,3,50
357,Chile,CHL,2015,0.5760000000000001,47,3,51
358,Chile,CHL,2016,1.125,47,3,52
359,Chile,CHL,2017,1.809,47,3,53
360,Chile,CHL,2018,2.137,47,3,54
361,Chile,CHL,2019,2.653698,47,3,55
362,Chile,CHL,2020,3.205438,47,3,56
363,Chile,CHL,2021,4.360007,47,3,57
364,China,CHN,1996,0.001,48,6,32
365,China,CHN,1997,0.0025,48,6,33
366,China,CHN,1998,0.005,48,6,34
367,China,CHN,1999,0.01,48,6,35
368,China,CHN,2000,0.033515,48,6,36
369,China,CHN,2001,0.03802,48,6,37
370,China,CHN,2002,0.05653,48,6,38
371,China,CHN,2003,0.0665999999999999,48,6,39
372,China,CHN,2004,0.0766,48,6,40
373,China,CHN,2005,0.1412,48,6,41
374,China,CHN,2006,0.1601999999999999,48,6,42
375,China,CHN,2007,0.199,48,6,43
376,China,CHN,2008,0.253,48,6,44
377,China,CHN,2009,0.4148,48,6,45
378,China,CHN,2010,1.0218,48,6,46
379,China,CHN,2011,3.1078,48,6,47
380,China,CHN,2012,6.7178,48,6,48
381,China,CHN,2013,17.747799999999998,48,6,49
382,China,CHN,2014,28.3878,48,6,50
383,China,CHN,2015,43.5378,48,6,51
384,China,CHN,2016,77.7878,48,6,52
385,China,CHN,2017,130.80129,48,6,53
386,China,CHN,2018,175.01586,48,6,54
387,China,CHN,2019,204.5748,48,6,55
388,China,CHN,2020,253.4178,48,6,56
389,China,CHN,2021,306.4028,48,6,57
390,Czechia,CZE,1996,0.0,58,5,32
391,Czechia,CZE,1997,0.0,58,5,33
392,Czechia,CZE,1998,0.0,58,5,34
393,Czechia,CZE,1999,0.0,58,5,35
394,Czechia,CZE,2000,0.0001,58,5,36
395,Czechia,CZE,2001,0.0001,58,5,37
396,Czechia,CZE,2002,0.0002,58,5,38
397,Czechia,CZE,2003,0.0003,58,5,39
398,Czechia,CZE,2004,0.0004,58,5,40
399,Czechia,CZE,2005,0.0005859999999999,58,5,41
400,Czechia,CZE,2006,0.000841,58,5,42
401,Czechia,CZE,2007,0.003961,58,5,43
402,Czechia,CZE,2008,0.0395,58,5,44
403,Czechia,CZE,2009,0.4646,58,5,45
404,Czechia,CZE,2010,1.727,58,5,46
405,Czechia,CZE,2011,1.913,58,5,47
406,Czechia,CZE,2012,2.022,58,5,48
407,Czechia,CZE,2013,2.0635,58,5,49
408,Czechia,CZE,2014,2.0674,58,5,50
409,Czechia,CZE,2015,2.0749,58,5,51
410,Czechia,CZE,2016,2.0679000000000003,58,5,52
411,Czechia,CZE,2017,2.0695,58,5,53
412,Czechia,CZE,2018,2.075072,58,5,54
413,Czechia,CZE,2019,2.086424,58,5,55
414,Czechia,CZE,2020,2.122711,58,5,56
415,Czechia,CZE,2021,2.119211,58,5,57
416,Denmark,DNK,1996,0.0,60,5,32
417,Denmark,DNK,1997,0.0,60,5,33
418,Denmark,DNK,1998,0.0,60,5,34
419,Denmark,DNK,1999,0.0,60,5,35
420,Denmark,DNK,2000,0.001,60,5,36
421,Denmark,DNK,2001,0.001,60,5,37
422,Denmark,DNK,2002,0.002,60,5,38
423,Denmark,DNK,2003,0.002,60,5,39
424,Denmark,DNK,2004,0.002,60,5,40
425,Denmark,DNK,2005,0.003,60,5,41
426,Denmark,DNK,2006,0.003,60,5,42
427,Denmark,DNK,2007,0.003,60,5,43
428,Denmark,DNK,2008,0.003,60,5,44
429,Denmark,DNK,2009,0.005,60,5,45
430,Denmark,DNK,2010,0.007,60,5,46
431,Denmark,DNK,2011,0.017,60,5,47
432,Denmark,DNK,2012,0.402,60,5,48
433,Denmark,DNK,2013,0.5710000000000001,60,5,49
434,Denmark,DNK,2014,0.607,60,5,50
435,Denmark,DNK,2015,0.7821079999999999,60,5,51
436,Denmark,DNK,2016,0.850953,60,5,52
437,Denmark,DNK,2017,0.90635,60,5,53
438,Denmark,DNK,2018,0.998,60,5,54
439,Denmark,DNK,2019,1.08,60,5,55
440,Denmark,DNK,2020,1.304294,60,5,56
441,Denmark,DNK,2021,1.540294,60,5,57
442,Egypt,EGY,1996,0.0001,66,1,32
443,Egypt,EGY,1997,0.0001,66,1,33
444,Egypt,EGY,1998,0.0001,66,1,34
445,Egypt,EGY,1999,0.0001,66,1,35
446,Egypt,EGY,2000,0.0001,66,1,36
447,Egypt,EGY,2001,0.0005,66,1,37
448,Egypt,EGY,2002,0.0006,66,1,38
449,Egypt,EGY,2003,0.0006,66,1,39
450,Egypt,EGY,2004,0.0006,66,1,40
451,Egypt,EGY,2005,0.0006,66,1,41
452,Egypt,EGY,2006,0.0006,66,1,42
453,Egypt,EGY,2007,0.0007,66,1,43
454,Egypt,EGY,2008,0.0009,66,1,44
455,Egypt,EGY,2009,0.0013,66,1,45
456,Egypt,EGY,2010,0.015,66,1,46
457,Egypt,EGY,2011,0.015,66,1,47
458,Egypt,EGY,2012,0.015,66,1,48
459,Egypt,EGY,2013,0.015,66,1,49
460,Egypt,EGY,2014,0.015,66,1,50
461,Egypt,EGY,2015,0.016,66,1,51
462,Egypt,EGY,2016,0.039,66,1,52
463,Egypt,EGY,2017,0.16,66,1,53
464,Egypt,EGY,2018,0.7442000000000001,66,1,54
465,Egypt,EGY,2019,1.6272,66,1,55
466,Egypt,EGY,2020,1.65539,66,1,56
467,Egypt,EGY,2021,1.65539,66,1,57
468,Europe,,1996,0.0669,73,7,32
469,Europe,,1997,0.0873,73,7,33
470,Europe,,1998,0.1054,73,7,34
471,Europe,,1999,0.1315,73,7,35
472,Europe,,2000,0.2001,73,7,36
473,Europe,,2001,0.30036002,73,7,37
474,Europe,,2002,0.38499402,73,7,38
475,Europe,,2003,0.623771,73,7,39
476,Europe,,2004,1.335364,73,7,40
477,Europe,,2005,2.315507,73,7,41
478,Europe,,2006,3.266667,73,7,42
479,Europe,,2007,5.039852,73,7,43
480,Europe,,2008,10.45816,73,7,44
481,Europe,,2009,16.835742,73,7,45
482,Europe,,2010,30.119166000000003,73,7,46
483,Europe,,2011,53.564973,73,7,47
484,Europe,,2012,71.716375,73,7,48
485,Europe,,2013,81.8605,73,7,49
486,Europe,,2014,88.78095,73,7,50
487,Europe,,2015,97.3483,73,7,51
488,Europe,,2016,103.88894,73,7,52
489,Europe,,2017,110.13502,73,7,53
490,Europe,,2018,119.68972,73,7,54
491,Europe,,2019,141.2378,73,7,55
492,Europe,,2020,161.78277,73,7,56
493,Europe,,2021,184.94838,73,7,57
494,Europe (BP),,1996,0.0669,74,7,32
495,Europe (BP),,1997,0.0873,74,7,33
496,Europe (BP),,1998,0.1054,74,7,34
497,Europe (BP),,1999,0.1315,74,7,35
498,Europe (BP),,2000,0.2002,74,7,36
499,Europe (BP),,2001,0.30066,74,7,37
500,Europe (BP),,2002,0.385594,74,7,38
501,Europe (BP),,2003,0.624771,74,7,39
502,Europe (BP),,2004,1.336864,74,7,40
503,Europe (BP),,2005,2.317507,74,7,41
504,Europe (BP),,2006,3.269167,74,7,42
505,Europe (BP),,2007,5.042852,74,7,43
506,Europe (BP),,2008,10.46186,74,7,44
507,Europe (BP),,2009,16.840441,74,7,45
508,Europe (BP),,2010,30.124855,74,7,46
509,Europe (BP),,2011,53.571650000000005,74,7,47
510,Europe (BP),,2012,71.72798399999999,74,7,48
511,Europe (BP),,2013,81.876945,74,7,49
512,Europe (BP),,2014,88.81596,74,7,50
513,Europe (BP),,2015,97.535984,74,7,51
514,Europe (BP),,2016,104.64562,74,7,52
515,Europe (BP),,2017,113.3304,74,7,53
516,Europe (BP),,2018,124.217,74,7,54
517,Europe (BP),,2019,145.95662,74,7,55
518,Europe (BP),,2020,167.02231,74,7,56
519,Europe (BP),,2021,191.1029,74,7,57
520,France,FRA,1996,0.004,82,5,32
521,France,FRA,1997,0.006,82,5,33
522,France,FRA,1998,0.008,82,5,34
523,France,FRA,1999,0.009,82,5,35
524,France,FRA,2000,0.007,82,5,36
525,France,FRA,2001,0.007,82,5,37
526,France,FRA,2002,0.008,82,5,38
527,France,FRA,2003,0.009,82,5,39
528,France,FRA,2004,0.011,82,5,40
529,France,FRA,2005,0.013,82,5,41
530,France,FRA,2006,0.015,82,5,42
531,France,FRA,2007,0.026,82,5,43
532,France,FRA,2008,0.08,82,5,44
533,France,FRA,2009,0.277,82,5,45
534,France,FRA,2010,1.044,82,5,46
535,France,FRA,2011,3.003574,82,5,47
536,France,FRA,2012,4.358754,82,5,48
537,France,FRA,2013,5.277289,82,5,49
538,France,FRA,2014,6.034418,82,5,50
539,France,FRA,2015,7.137517,82,5,51
540,France,FRA,2016,7.702081000000001,82,5,52
541,France,FRA,2017,8.610437,82,5,53
542,France,FRA,2018,9.672296,82,5,54
543,France,FRA,2019,10.807874,82,5,55
544,France,FRA,2020,12.022225,82,5,56
545,France,FRA,2021,14.709225,82,5,57
546,Germany,DEU,1996,0.028,90,5,32
547,Germany,DEU,1997,0.042,90,5,33
548,Germany,DEU,1998,0.054,90,5,34
549,Germany,DEU,1999,0.07,90,5,35
550,Germany,DEU,2000,0.114,90,5,36
551,Germany,DEU,2001,0.195,90,5,37
552,Germany,DEU,2002,0.26,90,5,38
553,Germany,DEU,2003,0.435,90,5,39
554,Germany,DEU,2004,1.105,90,5,40
555,Germany,DEU,2005,2.056,90,5,41
556,Germany,DEU,2006,2.899,90,5,42
557,Germany,DEU,2007,4.17,90,5,43
558,Germany,DEU,2008,6.12,90,5,44
559,Germany,DEU,2009,10.564,90,5,45
560,Germany,DEU,2010,18.004,90,5,46
561,Germany,DEU,2011,25.914,90,5,47
562,Germany,DEU,2012,34.075,90,5,48
563,Germany,DEU,2013,36.708,90,5,49
564,Germany,DEU,2014,37.898,90,5,50
565,Germany,DEU,2015,39.222,90,5,51
566,Germany,DEU,2016,40.677,90,5,52
567,Germany,DEU,2017,42.291,90,5,53
568,Germany,DEU,2018,45.156,90,5,54
569,Germany,DEU,2019,48.912,90,5,55
570,Germany,DEU,2020,53.719,90,5,56
571,Germany,DEU,2021,58.459,90,5,57
572,Greece,GRC,1996,0.0,93,5,32
573,Greece,GRC,1997,0.0,93,5,33
574,Greece,GRC,1998,0.0,93,5,34
575,Greece,GRC,1999,0.0,93,5,35
576,Greece,GRC,2000,0.0,93,5,36
577,Greece,GRC,2001,0.001,93,5,37
578,Greece,GRC,2002,0.001,93,5,38
579,Greece,GRC,2003,0.001,93,5,39
580,Greece,GRC,2004,0.001,93,5,40
581,Greece,GRC,2005,0.001,93,5,41
582,Greece,GRC,2006,0.005,93,5,42
583,Greece,GRC,2007,0.009,93,5,43
584,Greece,GRC,2008,0.012,93,5,44
585,Greece,GRC,2009,0.046,93,5,45
586,Greece,GRC,2010,0.202,93,5,46
587,Greece,GRC,2011,0.612,93,5,47
588,Greece,GRC,2012,1.536,93,5,48
589,Greece,GRC,2013,2.579,93,5,49
590,Greece,GRC,2014,2.596,93,5,50
591,Greece,GRC,2015,2.604,93,5,51
592,Greece,GRC,2016,2.604,93,5,52
593,Greece,GRC,2017,2.6055300000000003,93,5,53
594,Greece,GRC,2018,2.6515700000000004,93,5,54
595,Greece,GRC,2019,2.833794,93,5,55
596,Greece,GRC,2020,3.28772,93,5,56
597,Greece,GRC,2021,3.53,93,5,57
598,High-income countries,,1996,0.1549,103,8,32
599,High-income countries,,1997,0.21,103,8,33
600,High-income countries,,1998,0.2765,103,8,34
601,High-income countries,,1999,0.3825,103,8,35
602,High-income countries,,2000,0.7332000000000001,103,8,36
603,High-income countries,,2001,0.9993,103,8,37
604,High-income countries,,2002,1.31553,103,8,38
605,High-income countries,,2003,1.80975,103,8,39
606,High-income countries,,2004,2.86397,103,8,40
607,High-income countries,,2005,4.279644,103,8,41
608,High-income countries,,2006,5.754938,103,8,42
609,High-income countries,,2007,8.0768394,103,8,43
610,High-income countries,,2008,14.195200000000002,103,8,44
611,High-income countries,,2009,22.023602,103,8,45
612,High-income countries,,2010,38.649695,103,8,46
613,High-income countries,,2011,67.32972000000001,103,8,47
614,High-income countries,,2012,90.870625,103,8,48
615,High-income countries,,2013,112.3693,103,8,49
616,High-income countries,,2014,135.42244,103,8,50
617,High-income countries,,2015,163.54958,103,8,51
618,High-income countries,,2016,191.79188,103,8,52
619,High-income countries,,2017,217.12705,103,8,53
620,High-income countries,,2018,246.0403,103,8,54
621,High-income countries,,2019,290.9125,103,8,55
622,High-income countries,,2020,340.51756,103,8,56
623,High-income countries,,2021,395.40947,103,8,57
624,Honduras,HND,1996,0.0,104,2,32
625,Honduras,HND,1997,0.0,104,2,33
626,Honduras,HND,1998,0.0,104,2,34
627,Honduras,HND,1999,0.001,104,2,35
628,Honduras,HND,2000,0.001599,104,2,36
629,Honduras,HND,2001,0.001804,104,2,37
630,Honduras,HND,2002,0.001975,104,2,38
631,Honduras,HND,2003,0.002128,104,2,39
632,Honduras,HND,2004,0.002376,104,2,40
633,Honduras,HND,2005,0.002668,104,2,41
634,Honduras,HND,2006,0.002872,104,2,42
635,Honduras,HND,2007,0.003228,104,2,43
636,Honduras,HND,2008,0.003228,104,2,44
637,Honduras,HND,2009,0.003512,104,2,45
638,Honduras,HND,2010,0.003728,104,2,46
639,Honduras,HND,2011,0.004479,104,2,47
640,Honduras,HND,2012,0.005156,104,2,48
641,Honduras,HND,2013,0.005156,104,2,49
642,Honduras,HND,2014,0.005156,104,2,50
643,Honduras,HND,2015,0.393156,104,2,51
644,Honduras,HND,2016,0.414156,104,2,52
645,Honduras,HND,2017,0.453786,104,2,53
646,Honduras,HND,2018,0.5136860000000001,104,2,54
647,Honduras,HND,2019,0.514,104,2,55
648,Honduras,HND,2020,0.514,104,2,56
649,Honduras,HND,2021,0.514,104,2,57
650,Hungary,HUN,1996,0.0,106,5,32
651,Hungary,HUN,1997,0.0,106,5,33
652,Hungary,HUN,1998,0.0,106,5,34
653,Hungary,HUN,1999,0.0,106,5,35
654,Hungary,HUN,2000,0.0,106,5,36
655,Hungary,HUN,2001,0.0,106,5,37
656,Hungary,HUN,2002,0.0,106,5,38
657,Hungary,HUN,2003,0.0,106,5,39
658,Hungary,HUN,2004,0.0,106,5,40
659,Hungary,HUN,2005,0.0,106,5,41
660,Hungary,HUN,2006,0.0,106,5,42
661,Hungary,HUN,2007,0.0004,106,5,43
662,Hungary,HUN,2008,0.001,106,5,44
663,Hungary,HUN,2009,0.001,106,5,45
664,Hungary,HUN,2010,0.002,106,5,46
665,Hungary,HUN,2011,0.004,106,5,47
666,Hungary,HUN,2012,0.012,106,5,48
667,Hungary,HUN,2013,0.035,106,5,49
668,Hungary,HUN,2014,0.089,106,5,50
669,Hungary,HUN,2015,0.172,106,5,51
670,Hungary,HUN,2016,0.235,106,5,52
671,Hungary,HUN,2017,0.344,106,5,53
672,Hungary,HUN,2018,0.728,106,5,54
673,Hungary,HUN,2019,1.4,106,5,55
674,Hungary,HUN,2020,2.131,106,5,56
675,Hungary,HUN,2021,2.131,106,5,57
676,India,IND,1996,0.0,108,6,32
677,India,IND,1997,0.0,108,6,33
678,India,IND,1998,0.0,108,6,34
679,India,IND,1999,0.0,108,6,35
680,India,IND,2000,0.001084,108,6,36
681,India,IND,2001,0.005535,108,6,37
682,India,IND,2002,0.006705,108,6,38
683,India,IND,2003,0.007885,108,6,39
684,India,IND,2004,0.00781,108,6,40
685,India,IND,2005,0.011567,108,6,41
686,India,IND,2006,0.009603,108,6,42
687,India,IND,2007,0.025099,108,6,43
688,India,IND,2008,0.027723,108,6,44
689,India,IND,2009,0.039362,108,6,45
690,India,IND,2010,0.0653619999999999,108,6,46
691,India,IND,2011,0.5633150000000001,108,6,47
692,India,IND,2012,0.978582,108,6,48
693,India,IND,2013,1.445827,108,6,49
694,India,IND,2014,3.444008,108,6,50
695,India,IND,2015,5.364984000000001,108,6,51
696,India,IND,2016,9.650521,108,6,52
697,India,IND,2017,17.923256000000002,108,6,53
698,India,IND,2018,27.124598,108,6,54
699,India,IND,2019,34.860906,108,6,55
700,India,IND,2020,39.042656,108,6,56
701,India,IND,2021,49.341508000000005,108,6,57
702,Israel,ISR,1996,0.0,113,6,32
703,Israel,ISR,1997,0.0003,113,6,33
704,Israel,ISR,1998,0.0003,113,6,34
705,Israel,ISR,1999,0.0004,113,6,35
706,Israel,ISR,2000,0.0,113,6,36
707,Israel,ISR,2001,0.0,113,6,37
708,Israel,ISR,2002,0.0,113,6,38
709,Israel,ISR,2003,0.0,113,6,39
710,Israel,ISR,2004,0.0,113,6,40
711,Israel,ISR,2005,0.001,113,6,41
712,Israel,ISR,2006,0.0013,113,6,42
713,Israel,ISR,2007,0.0018,113,6,43
714,Israel,ISR,2008,0.003,113,6,44
715,Israel,ISR,2009,0.0245,113,6,45
716,Israel,ISR,2010,0.0699,113,6,46
717,Israel,ISR,2011,0.1896999999999999,113,6,47
718,Israel,ISR,2012,0.272,113,6,48
719,Israel,ISR,2013,0.3768,113,6,49
720,Israel,ISR,2014,0.5871000000000001,113,6,50
721,Israel,ISR,2015,0.7657,113,6,51
722,Israel,ISR,2016,0.8736,113,6,52
723,Israel,ISR,2017,0.9823,113,6,53
724,Israel,ISR,2018,1.2852,113,6,54
725,Israel,ISR,2019,1.8074,113,6,55
726,Israel,ISR,2020,2.23,113,6,56
727,Israel,ISR,2021,2.313,113,6,57
728,Italy,ITA,1996,0.016,114,5,32
729,Italy,ITA,1997,0.017,114,5,33
730,Italy,ITA,1998,0.018,114,5,34
731,Italy,ITA,1999,0.018,114,5,35
732,Italy,ITA,2000,0.019,114,5,36
733,Italy,ITA,2001,0.02,114,5,37
734,Italy,ITA,2002,0.022,114,5,38
735,Italy,ITA,2003,0.026,114,5,39
736,Italy,ITA,2004,0.031,114,5,40
737,Italy,ITA,2005,0.034,114,5,41
738,Italy,ITA,2006,0.045,114,5,42
739,Italy,ITA,2007,0.11,114,5,43
740,Italy,ITA,2008,0.483,114,5,44
741,Italy,ITA,2009,1.264,114,5,45
742,Italy,ITA,2010,3.592,114,5,46
743,Italy,ITA,2011,13.131,114,5,47
744,Italy,ITA,2012,16.785,114,5,48
745,Italy,ITA,2013,18.185,114,5,49
746,Italy,ITA,2014,18.594,114,5,50
747,Italy,ITA,2015,18.901,114,5,51
748,Italy,ITA,2016,19.283,114,5,52
749,Italy,ITA,2017,19.682293,114,5,53
750,Italy,ITA,2018,20.10759,114,5,54
751,Italy,ITA,2019,20.865275,114,5,55
752,Italy,ITA,2020,21.65004,114,5,56
753,Italy,ITA,2021,22.69204,114,5,57
754,Japan,JPN,1996,0.06,116,6,32
755,Japan,JPN,1997,0.091,116,6,33
756,Japan,JPN,1998,0.133,116,6,34
757,Japan,JPN,1999,0.209,116,6,35
758,Japan,JPN,2000,0.33,116,6,36
759,Japan,JPN,2001,0.453,116,6,37
760,Japan,JPN,2002,0.637,116,6,38
761,Japan,JPN,2003,0.86,116,6,39
762,Japan,JPN,2004,1.132,116,6,40
763,Japan,JPN,2005,1.422,116,6,41
764,Japan,JPN,2006,1.708,116,6,42
765,Japan,JPN,2007,1.919,116,6,43
766,Japan,JPN,2008,2.144,116,6,44
767,Japan,JPN,2009,2.627,116,6,45
768,Japan,JPN,2010,3.618,116,6,46
769,Japan,JPN,2011,4.914,116,6,47
770,Japan,JPN,2012,6.632000000000001,116,6,48
771,Japan,JPN,2013,13.599,116,6,49
772,Japan,JPN,2014,23.339,116,6,50
773,Japan,JPN,2015,34.15,116,6,51
774,Japan,JPN,2016,42.04,116,6,52
775,Japan,JPN,2017,49.5,116,6,53
776,Japan,JPN,2018,56.162,116,6,54
777,Japan,JPN,2019,63.192,116,6,55
778,Japan,JPN,2020,69.764,116,6,56
779,Japan,JPN,2021,74.191,116,6,57
780,Jordan,JOR,1996,0.0,117,6,32
781,Jordan,JOR,1997,0.0,117,6,33
782,Jordan,JOR,1998,0.0,117,6,34
783,Jordan,JOR,1999,0.0,117,6,35
784,Jordan,JOR,2000,1.5e-05,117,6,36
785,Jordan,JOR,2001,1.5e-05,117,6,37
786,Jordan,JOR,2002,1.5e-05,117,6,38
787,Jordan,JOR,2003,1.5e-05,117,6,39
788,Jordan,JOR,2004,1.5e-05,117,6,40
789,Jordan,JOR,2005,1.5e-05,117,6,41
790,Jordan,JOR,2006,1.5e-05,117,6,42
791,Jordan,JOR,2007,1.5e-05,117,6,43
792,Jordan,JOR,2008,1.5e-05,117,6,44
793,Jordan,JOR,2009,1.5e-05,117,6,45
794,Jordan,JOR,2010,1.5e-05,117,6,46
795,Jordan,JOR,2011,4.29999999999e-05,117,6,47
796,Jordan,JOR,2012,7.3e-05,117,6,48
797,Jordan,JOR,2013,0.0001409999999999,117,6,49
798,Jordan,JOR,2014,0.000236,117,6,50
799,Jordan,JOR,2015,0.005557,117,6,51
800,Jordan,JOR,2016,0.286593,117,6,52
801,Jordan,JOR,2017,0.396588,117,6,53
802,Jordan,JOR,2018,0.6996230000000001,117,6,54
803,Jordan,JOR,2019,1.18567,117,6,55
804,Jordan,JOR,2020,1.448375,117,6,56
805,Jordan,JOR,2021,1.520575,117,6,57
806,Lower-middle-income countries,,1996,0.0001,133,8,32
807,Lower-middle-income countries,,1997,0.0001,133,8,33
808,Lower-middle-income countries,,1998,0.0001,133,8,34
809,Lower-middle-income countries,,1999,0.0011,133,8,35
810,Lower-middle-income countries,,2000,0.009485,133,8,36
811,Lower-middle-income countries,,2001,0.014947,133,8,37
812,Lower-middle-income countries,,2002,0.017216,133,8,38
813,Lower-middle-income countries,,2003,0.019419,133,8,39
814,Lower-middle-income countries,,2004,0.022633,133,8,40
815,Lower-middle-income countries,,2005,0.0287399999999999,133,8,41
816,Lower-middle-income countries,,2006,0.029319,133,8,42
817,Lower-middle-income countries,,2007,0.046556,133,8,43
818,Lower-middle-income countries,,2008,0.05128,133,8,44
819,Lower-middle-income countries,,2009,0.069824,133,8,45
820,Lower-middle-income countries,,2010,0.115948,133,8,46
821,Lower-middle-income countries,,2011,0.810338,133,8,47
822,Lower-middle-income countries,,2012,1.437833,133,8,48
823,Lower-middle-income countries,,2013,2.3377800000000004,133,8,49
824,Lower-middle-income countries,,2014,4.502354,133,8,50
825,Lower-middle-income countries,,2015,7.127592,133,8,51
826,Lower-middle-income countries,,2016,12.678287,133,8,52
827,Lower-middle-income countries,,2017,21.732004,133,8,53
828,Lower-middle-income countries,,2018,32.703129000000004,133,8,54
829,Lower-middle-income countries,,2019,50.293746,133,8,55
830,Lower-middle-income countries,,2020,67.738734,133,8,56
831,Lower-middle-income countries,,2021,79.343734,133,8,57
832,Malaysia,MYS,1996,0.0,138,6,32
833,Malaysia,MYS,1997,0.0,138,6,33
834,Malaysia,MYS,1998,0.0,138,6,34
835,Malaysia,MYS,1999,0.0,138,6,35
836,Malaysia,MYS,2000,0.0,138,6,36
837,Malaysia,MYS,2001,0.0,138,6,37
838,Malaysia,MYS,2002,0.0,138,6,38
839,Malaysia,MYS,2003,0.0,138,6,39
840,Malaysia,MYS,2004,0.0,138,6,40
841,Malaysia,MYS,2005,0.0,138,6,41
842,Malaysia,MYS,2006,0.0,138,6,42
843,Malaysia,MYS,2007,0.00045,138,6,43
844,Malaysia,MYS,2008,0.00054,138,6,44
845,Malaysia,MYS,2009,0.00054,138,6,45
846,Malaysia,MYS,2010,0.000544,138,6,46
847,Malaysia,MYS,2011,0.000544,138,6,47
848,Malaysia,MYS,2012,0.031584,138,6,48
849,Malaysia,MYS,2013,0.138674,138,6,49
850,Malaysia,MYS,2014,0.205388,138,6,50
851,Malaysia,MYS,2015,0.266285,138,6,51
852,Malaysia,MYS,2016,0.344108,138,6,52
853,Malaysia,MYS,2017,0.393808,138,6,53
854,Malaysia,MYS,2018,0.5450750000000001,138,6,54
855,Malaysia,MYS,2019,0.893595,138,6,55
856,Malaysia,MYS,2020,1.482597,138,6,56
857,Malaysia,MYS,2021,1.786747,138,6,57
858,Mexico,MEX,1996,0.01,145,2,32
859,Mexico,MEX,1997,0.011,145,2,33
860,Mexico,MEX,1998,0.012,145,2,34
861,Mexico,MEX,1999,0.013,145,2,35
862,Mexico,MEX,2000,0.014,145,2,36
863,Mexico,MEX,2001,0.015,145,2,37
864,Mexico,MEX,2002,0.016,145,2,38
865,Mexico,MEX,2003,0.016,145,2,39
866,Mexico,MEX,2004,0.016,145,2,40
867,Mexico,MEX,2005,0.016,145,2,41
868,Mexico,MEX,2006,0.016,145,2,42
869,Mexico,MEX,2007,0.019,145,2,43
870,Mexico,MEX,2008,0.019,145,2,44
871,Mexico,MEX,2009,0.0251,145,2,45
872,Mexico,MEX,2010,0.0298,145,2,46
873,Mexico,MEX,2011,0.0424,145,2,47
874,Mexico,MEX,2012,0.0728,145,2,48
875,Mexico,MEX,2013,0.109,145,2,49
876,Mexico,MEX,2014,0.174,145,2,50
877,Mexico,MEX,2015,0.287,145,2,51
878,Mexico,MEX,2016,0.6326,145,2,52
879,Mexico,MEX,2017,1.12574,145,2,53
880,Mexico,MEX,2018,2.541,145,2,54
881,Mexico,MEX,2019,4.426208,145,2,55
882,Mexico,MEX,2020,5.149,145,2,56
883,Mexico,MEX,2021,7.026,145,2,57
884,Middle East (BP),,1996,0.0,147,7,32
885,Middle East (BP),,1997,0.0003,147,7,33
886,Middle East (BP),,1998,0.0003,147,7,34
887,Middle East (BP),,1999,0.0004,147,7,35
888,Middle East (BP),,2000,0.000365,147,7,36
889,Middle East (BP),,2001,0.00037,147,7,37
890,Middle East (BP),,2002,0.00037,147,7,38
891,Middle East (BP),,2003,0.00037,147,7,39
892,Middle East (BP),,2004,0.0004,147,7,40
893,Middle East (BP),,2005,0.0014,147,7,41
894,Middle East (BP),,2006,0.001742,147,7,42
895,Middle East (BP),,2007,0.002273,147,7,43
896,Middle East (BP),,2008,0.004423,147,7,44
897,Middle East (BP),,2009,0.036113,147,7,45
898,Middle East (BP),,2010,0.084823,147,7,46
899,Middle East (BP),,2011,0.208583,147,7,47
900,Middle East (BP),,2012,0.302721,147,7,48
901,Middle East (BP),,2013,0.46261,147,7,49
902,Middle East (BP),,2014,0.712524,147,7,50
903,Middle East (BP),,2015,0.969952,147,7,51
904,Middle East (BP),,2016,1.47552,147,7,52
905,Middle East (BP),,2017,2.110663,147,7,53
906,Middle East (BP),,2018,3.253536,147,7,54
907,Middle East (BP),,2019,5.732761000000001,147,7,55
908,Middle East (BP),,2020,7.03054,147,7,56
909,Middle East (BP),,2021,7.969056,147,7,57
910,Morocco,MAR,1996,0.0,152,1,32
911,Morocco,MAR,1997,0.0,152,1,33
912,Morocco,MAR,1998,0.0,152,1,34
913,Morocco,MAR,1999,0.0,152,1,35
914,Morocco,MAR,2000,0.0067,152,1,36
915,Morocco,MAR,2001,0.007,152,1,37
916,Morocco,MAR,2002,0.0077,152,1,38
917,Morocco,MAR,2003,0.0084,152,1,39
918,Morocco,MAR,2004,0.0091,152,1,40
919,Morocco,MAR,2005,0.01,152,1,41
920,Morocco,MAR,2006,0.0108,152,1,42
921,Morocco,MAR,2007,0.011945,152,1,43
922,Morocco,MAR,2008,0.012845,152,1,44
923,Morocco,MAR,2009,0.013445,152,1,45
924,Morocco,MAR,2010,0.013545,152,1,46
925,Morocco,MAR,2011,0.0141739999999999,152,1,47
926,Morocco,MAR,2012,0.015174,152,1,48
927,Morocco,MAR,2013,0.015174,152,1,49
928,Morocco,MAR,2014,0.0196,152,1,50
929,Morocco,MAR,2015,0.0198,152,1,51
930,Morocco,MAR,2016,0.02187,152,1,52
931,Morocco,MAR,2017,0.023895,152,1,53
932,Morocco,MAR,2018,0.193895,152,1,54
933,Morocco,MAR,2019,0.193903,152,1,55
934,Morocco,MAR,2020,0.194,152,1,56
935,Morocco,MAR,2021,0.2343,152,1,57
936,Netherlands,NLD,1996,0.0007,158,5,32
937,Netherlands,NLD,1997,0.001,158,5,33
938,Netherlands,NLD,1998,0.001,158,5,34
939,Netherlands,NLD,1999,0.005,158,5,35
940,Netherlands,NLD,2000,0.013,158,5,36
941,Netherlands,NLD,2001,0.021,158,5,37
942,Netherlands,NLD,2002,0.026,158,5,38
943,Netherlands,NLD,2003,0.046,158,5,39
944,Netherlands,NLD,2004,0.05,158,5,40
945,Netherlands,NLD,2005,0.051,158,5,41
946,Netherlands,NLD,2006,0.053,158,5,42
947,Netherlands,NLD,2007,0.054,158,5,43
948,Netherlands,NLD,2008,0.059,158,5,44
949,Netherlands,NLD,2009,0.069,158,5,45
950,Netherlands,NLD,2010,0.09,158,5,46
951,Netherlands,NLD,2011,0.149,158,5,47
952,Netherlands,NLD,2012,0.287,158,5,48
953,Netherlands,NLD,2013,0.65,158,5,49
954,Netherlands,NLD,2014,1.007,158,5,50
955,Netherlands,NLD,2015,1.526,158,5,51
956,Netherlands,NLD,2016,2.135,158,5,52
957,Netherlands,NLD,2017,2.911,158,5,53
958,Netherlands,NLD,2018,4.6080000000000005,158,5,54
959,Netherlands,NLD,2019,7.226,158,5,55
960,Netherlands,NLD,2020,10.94972,158,5,56
961,Netherlands,NLD,2021,14.249,158,5,57
962,North America,,1996,0.0269,166,7,32
963,North America,,1997,0.0286,166,7,33
964,North America,,1998,0.0322,166,7,34
965,North America,,1999,0.0366,166,7,35
966,North America,,2000,0.198599,166,7,36
967,North America,,2001,0.238804,166,7,37
968,North America,,2002,0.282975,166,7,38
969,North America,,2003,0.3231279999999999,166,7,39
970,North America,,2004,0.395376,166,7,40
971,North America,,2005,0.52966797,166,7,41
972,North America,,2006,0.738872,166,7,42
973,North America,,2007,1.025228,166,7,43
974,North America,,2008,1.2132280000000002,166,7,44
975,North America,,2009,1.7496120000000002,166,7,45
976,North America,,2010,3.191528,166,7,46
977,North America,,2011,5.846879,166,7,47
978,North America,,2012,8.980956,166,7,48
979,North America,,2013,13.083156,166,7,49
980,North America,,2014,18.006156,166,7,50
981,North America,,2015,24.883156,166,7,51
982,North America,,2016,36.669758,166,7,52
983,North America,,2017,45.868527,166,7,53
984,North America,,2018,55.961688,166,7,54
985,North America,,2019,67.33521,166,7,55
986,North America,,2020,82.81869999999999,166,7,56
987,North America,,2021,104.88262,166,7,57
988,North America (BP),,1996,0.0269,167,7,32
989,North America (BP),,1997,0.0286,167,7,33
990,North America (BP),,1998,0.0322,167,7,34
991,North America (BP),,1999,0.0356,167,7,35
992,North America (BP),,2000,0.197,167,7,36
993,North America (BP),,2001,0.237,167,7,37
994,North America (BP),,2002,0.281,167,7,38
995,North America (BP),,2003,0.321,167,7,39
996,North America (BP),,2004,0.393,167,7,40
997,North America (BP),,2005,0.527,167,7,41
998,North America (BP),,2006,0.736,167,7,42
999,North America (BP),,2007,1.022,167,7,43
1000,North America (BP),,2008,1.21,167,7,44
1001,North America (BP),,2009,1.7461,167,7,45
1002,North America (BP),,2010,3.1878,167,7,46
1003,North America (BP),,2011,5.8424,167,7,47
1004,North America (BP),,2012,8.9758,167,7,48
1005,North America (BP),,2013,13.078,167,7,49
1006,North America (BP),,2014,18.001,167,7,50
1007,North America (BP),,2015,24.49,167,7,51
1008,North America (BP),,2016,36.2556,167,7,52
1009,North America (BP),,2017,45.41474,167,7,53
1010,North America (BP),,2018,55.44814,167,7,54
1011,North America (BP),,2019,66.82133999999999,167,7,55
1012,North America (BP),,2020,82.304836,167,7,56
1013,North America (BP),,2021,104.36875,167,7,57
1014,Oceania,,1996,0.016,174,7,32
1015,Oceania,,1997,0.019,174,7,33
1016,Oceania,,1998,0.023,174,7,34
1017,Oceania,,1999,0.025,174,7,35
1018,Oceania,,2000,0.025,174,7,36
1019,Oceania,,2001,0.029,174,7,37
1020,Oceania,,2002,0.034,174,7,38
1021,Oceania,,2003,0.039,174,7,39
1022,Oceania,,2004,0.046,174,7,40
1023,Oceania,,2005,0.052,174,7,41
1024,Oceania,,2006,0.061,174,7,42
1025,Oceania,,2007,0.07,174,7,43
1026,Oceania,,2008,0.082,174,7,44
1027,Oceania,,2009,0.329,174,7,45
1028,Oceania,,2010,1.088,174,7,46
1029,Oceania,,2011,2.47,174,7,47
1030,Oceania,,2012,3.796,174,7,48
1031,Oceania,,2013,4.565,174,7,49
1032,Oceania,,2014,5.284,174,7,50
1033,Oceania,,2015,5.9430000000000005,174,7,51
1034,Oceania,,2016,6.686,174,7,52
1035,Oceania,,2017,7.352,174,7,53
1036,Oceania,,2018,8.623,174,7,54
1037,Oceania,,2019,12.967,174,7,55
1038,Oceania,,2020,17.342,174,7,56
1039,Oceania,,2021,19.074,174,7,57
1040,Pakistan,PAK,1996,0.0,177,6,32
1041,Pakistan,PAK,1997,0.0,177,6,33
1042,Pakistan,PAK,1998,0.0,177,6,34
1043,Pakistan,PAK,1999,0.0,177,6,35
1044,Pakistan,PAK,2000,0.0,177,6,36
1045,Pakistan,PAK,2001,0.0,177,6,37
1046,Pakistan,PAK,2002,0.0,177,6,38
1047,Pakistan,PAK,2003,0.0,177,6,39
1048,Pakistan,PAK,2004,0.0,177,6,40
1049,Pakistan,PAK,2005,0.0,177,6,41
1050,Pakistan,PAK,2006,0.0,177,6,42
1051,Pakistan,PAK,2007,0.00014,177,6,43
1052,Pakistan,PAK,2008,0.00114,177,6,44
1053,Pakistan,PAK,2009,0.00667,177,6,45
1054,Pakistan,PAK,2010,0.009275,177,6,46
1055,Pakistan,PAK,2011,0.018632,177,6,47
1056,Pakistan,PAK,2012,0.045783,177,6,48
1057,Pakistan,PAK,2013,0.100658,177,6,49
1058,Pakistan,PAK,2014,0.165363,177,6,50
1059,Pakistan,PAK,2015,0.265512,177,6,51
1060,Pakistan,PAK,2016,0.5895050000000001,177,6,52
1061,Pakistan,PAK,2017,0.6546989999999999,177,6,53
1062,Pakistan,PAK,2018,0.6791090000000001,177,6,54
1063,Pakistan,PAK,2019,0.763313,177,6,55
1064,Pakistan,PAK,2020,0.860313,177,6,56
1065,Pakistan,PAK,2021,1.0833130000000002,177,6,57
1066,Philippines,PHL,1996,0.0,183,6,32
1067,Philippines,PHL,1997,0.0,183,6,33
1068,Philippines,PHL,1998,0.0,183,6,34
1069,Philippines,PHL,1999,0.0,183,6,35
1070,Philippines,PHL,2000,0.0,183,6,36
1071,Philippines,PHL,2001,0.0,183,6,37
1072,Philippines,PHL,2002,0.0,183,6,38
1073,Philippines,PHL,2003,0.0,183,6,39
1074,Philippines,PHL,2004,0.002,183,6,40
1075,Philippines,PHL,2005,0.00202,183,6,41
1076,Philippines,PHL,2006,0.00202,183,6,42
1077,Philippines,PHL,2007,0.00202,183,6,43
1078,Philippines,PHL,2008,0.00202,183,6,44
1079,Philippines,PHL,2009,0.00202,183,6,45
1080,Philippines,PHL,2010,0.00202,183,6,46
1081,Philippines,PHL,2011,0.00202,183,6,47
1082,Philippines,PHL,2012,0.00202,183,6,48
1083,Philippines,PHL,2013,0.003047,183,6,49
1084,Philippines,PHL,2014,0.0277369999999999,183,6,50
1085,Philippines,PHL,2015,0.17255,183,6,51
1086,Philippines,PHL,2016,0.784145,183,6,52
1087,Philippines,PHL,2017,0.908376,183,6,53
1088,Philippines,PHL,2018,0.916961,183,6,54
1089,Philippines,PHL,2019,0.982246,183,6,55
1090,Philippines,PHL,2020,1.057881,183,6,56
1091,Philippines,PHL,2021,1.369734,183,6,57
1092,Poland,POL,1997,0.0,184,5,33
1093,Poland,POL,1998,0.0,184,5,34
1094,Poland,POL,1999,0.0,184,5,35
1095,Poland,POL,2000,0.0,184,5,36
1096,Poland,POL,2001,0.0,184,5,37
1097,Poland,POL,2002,0.0,184,5,38
1098,Poland,POL,2003,0.0,184,5,39
1099,Poland,POL,2004,0.0,184,5,40
1100,Poland,POL,2005,0.0,184,5,41
1101,Poland,POL,2006,0.0,184,5,42
1102,Poland,POL,2007,0.0,184,5,43
1103,Poland,POL,2008,0.0,184,5,44
1104,Poland,POL,2009,0.0,184,5,45
1105,Poland,POL,2010,0.0,184,5,46
1106,Poland,POL,2011,0.00111,184,5,47
1107,Poland,POL,2012,0.0013,184,5,48
1108,Poland,POL,2013,0.0023929999999999,184,5,49
1109,Poland,POL,2014,0.02715,184,5,50
1110,Poland,POL,2015,0.107777,184,5,51
1111,Poland,POL,2016,0.187247,184,5,52
1112,Poland,POL,2017,0.287091,184,5,53
1113,Poland,POL,2018,0.561976,184,5,54
1114,Poland,POL,2019,1.5392590000000002,184,5,55
1115,Poland,POL,2020,3.954963,184,5,56
1116,Poland,POL,2021,6.256754,184,5,57
1117,Portugal,PRT,1996,0.0004,185,5,32
1118,Portugal,PRT,1997,0.0005,185,5,33
1119,Portugal,PRT,1998,0.0006,185,5,34
1120,Portugal,PRT,1999,0.0009,185,5,35
1121,Portugal,PRT,2000,0.001,185,5,36
1122,Portugal,PRT,2001,0.001,185,5,37
1123,Portugal,PRT,2002,0.001,185,5,38
1124,Portugal,PRT,2003,0.002,185,5,39
1125,Portugal,PRT,2004,0.002,185,5,40
1126,Portugal,PRT,2005,0.002,185,5,41
1127,Portugal,PRT,2006,0.003,185,5,42
1128,Portugal,PRT,2007,0.024,185,5,43
1129,Portugal,PRT,2008,0.059,185,5,44
1130,Portugal,PRT,2009,0.115,185,5,45
1131,Portugal,PRT,2010,0.134,185,5,46
1132,Portugal,PRT,2011,0.172,185,5,47
1133,Portugal,PRT,2012,0.238,185,5,48
1134,Portugal,PRT,2013,0.296,185,5,49
1135,Portugal,PRT,2014,0.415,185,5,50
1136,Portugal,PRT,2015,0.447,185,5,51
1137,Portugal,PRT,2016,0.512824,185,5,52
1138,Portugal,PRT,2017,0.579236,185,5,53
1139,Portugal,PRT,2018,0.6674310000000001,185,5,54
1140,Portugal,PRT,2019,0.901438,185,5,55
1141,Portugal,PRT,2020,1.100292,185,5,56
1142,Portugal,PRT,2021,1.801292,185,5,57
1143,Romania,ROU,1996,0.0,189,5,32
1144,Romania,ROU,1997,0.0,189,5,33
1145,Romania,ROU,1998,0.0,189,5,34
1146,Romania,ROU,1999,0.0,189,5,35
1147,Romania,ROU,2000,0.0,189,5,36
1148,Romania,ROU,2001,0.0,189,5,37
1149,Romania,ROU,2002,0.0,189,5,38
1150,Romania,ROU,2003,0.0,189,5,39
1151,Romania,ROU,2004,0.0,189,5,40
1152,Romania,ROU,2005,0.0,189,5,41
1153,Romania,ROU,2006,0.0,189,5,42
1154,Romania,ROU,2007,0.0,189,5,43
1155,Romania,ROU,2008,0.0001,189,5,44
1156,Romania,ROU,2009,0.0001,189,5,45
1157,Romania,ROU,2010,0.0001,189,5,46
1158,Romania,ROU,2011,0.001,189,5,47
1159,Romania,ROU,2012,0.041,189,5,48
1160,Romania,ROU,2013,0.761,189,5,49
1161,Romania,ROU,2014,1.293,189,5,50
1162,Romania,ROU,2015,1.326,189,5,51
1163,Romania,ROU,2016,1.372,189,5,52
1164,Romania,ROU,2017,1.374129,189,5,53
1165,Romania,ROU,2018,1.38582,189,5,54
1166,Romania,ROU,2019,1.397705,189,5,55
1167,Romania,ROU,2020,1.382539,189,5,56
1168,Romania,ROU,2021,1.397539,189,5,57
1169,Russia,RUS,1996,0.0,190,5,32
1170,Russia,RUS,1997,0.0,190,5,33
1171,Russia,RUS,1998,0.0,190,5,34
1172,Russia,RUS,1999,0.0,190,5,35
1173,Russia,RUS,2000,0.0,190,5,36
1174,Russia,RUS,2001,0.0,190,5,37
1175,Russia,RUS,2002,0.0,190,5,38
1176,Russia,RUS,2003,0.0,190,5,39
1177,Russia,RUS,2004,0.0,190,5,40
1178,Russia,RUS,2005,0.0,190,5,41
1179,Russia,RUS,2006,0.0,190,5,42
1180,Russia,RUS,2007,0.0,190,5,43
1181,Russia,RUS,2008,0.0,190,5,44
1182,Russia,RUS,2009,0.0,190,5,45
1183,Russia,RUS,2010,1e-05,190,5,46
1184,Russia,RUS,2011,2.3e-05,190,5,47
1185,Russia,RUS,2012,9.3e-05,190,5,48
1186,Russia,RUS,2013,0.001259,190,5,49
1187,Russia,RUS,2014,0.005,190,5,50
1188,Russia,RUS,2015,0.06132,190,5,51
1189,Russia,RUS,2016,0.07632,190,5,52
1190,Russia,RUS,2017,0.22532,190,5,53
1191,Russia,RUS,2018,0.53532,190,5,54
1192,Russia,RUS,2019,1.27632,190,5,55
1193,Russia,RUS,2020,1.42782,190,5,56
1194,Russia,RUS,2021,1.66102,190,5,57
1195,Slovakia,SVK,1996,0.0,205,5,32
1196,Slovakia,SVK,1997,0.0,205,5,33
1197,Slovakia,SVK,1998,0.0,205,5,34
1198,Slovakia,SVK,1999,0.0,205,5,35
1199,Slovakia,SVK,2000,0.0,205,5,36
1200,Slovakia,SVK,2001,0.0,205,5,37
1201,Slovakia,SVK,2002,0.0,205,5,38
1202,Slovakia,SVK,2003,0.0,205,5,39
1203,Slovakia,SVK,2004,0.0,205,5,40
1204,Slovakia,SVK,2005,0.0,205,5,41
1205,Slovakia,SVK,2006,0.0,205,5,42
1206,Slovakia,SVK,2007,0.0,205,5,43
1207,Slovakia,SVK,2008,0.0,205,5,44
1208,Slovakia,SVK,2009,0.0,205,5,45
1209,Slovakia,SVK,2010,0.019,205,5,46
1210,Slovakia,SVK,2011,0.496,205,5,47
1211,Slovakia,SVK,2012,0.513,205,5,48
1212,Slovakia,SVK,2013,0.533,205,5,49
1213,Slovakia,SVK,2014,0.533,205,5,50
1214,Slovakia,SVK,2015,0.533,205,5,51
1215,Slovakia,SVK,2016,0.533,205,5,52
1216,Slovakia,SVK,2017,0.528,205,5,53
1217,Slovakia,SVK,2018,0.472,205,5,54
1218,Slovakia,SVK,2019,0.59,205,5,55
1219,Slovakia,SVK,2020,0.535,205,5,56
1220,Slovakia,SVK,2021,0.535,205,5,57
1221,South Africa,ZAF,1996,0.0,209,1,32
1222,South Africa,ZAF,1997,0.002,209,1,33
1223,South Africa,ZAF,1998,0.004,209,1,34
1224,South Africa,ZAF,1999,0.006,209,1,35
1225,South Africa,ZAF,2000,0.0,209,1,36
1226,South Africa,ZAF,2001,0.0,209,1,37
1227,South Africa,ZAF,2002,0.0,209,1,38
1228,South Africa,ZAF,2003,0.0,209,1,39
1229,South Africa,ZAF,2004,0.0,209,1,40
1230,South Africa,ZAF,2005,0.0,209,1,41
1231,South Africa,ZAF,2006,0.0,209,1,42
1232,South Africa,ZAF,2007,0.0,209,1,43
1233,South Africa,ZAF,2008,0.0,209,1,44
1234,South Africa,ZAF,2009,0.0,209,1,45
1235,South Africa,ZAF,2010,0.001959,209,1,46
1236,South Africa,ZAF,2011,0.005658,209,1,47
1237,South Africa,ZAF,2012,0.011303,209,1,48
1238,South Africa,ZAF,2013,0.261625,209,1,49
1239,South Africa,ZAF,2014,1.062901,209,1,50
1240,South Africa,ZAF,2015,1.251656,209,1,51
1241,South Africa,ZAF,2016,1.974026,209,1,52
1242,South Africa,ZAF,2017,3.14673,209,1,53
1243,South Africa,ZAF,2018,4.4009290000000005,209,1,54
1244,South Africa,ZAF,2019,4.404991,209,1,55
1245,South Africa,ZAF,2020,5.489578000000001,209,1,56
1246,South Africa,ZAF,2021,5.721095,209,1,57
1247,South America,,1996,0.0,210,7,32
1248,South America,,1997,0.0,210,7,33
1249,South America,,1998,0.0,210,7,34
1250,South America,,1999,0.0,210,7,35
1251,South America,,2000,2.5e-05,210,7,36
1252,South America,,2001,6.2e-05,210,7,37
1253,South America,,2002,6.2e-05,210,7,38
1254,South America,,2003,0.00074200004,210,7,39
1255,South America,,2004,0.000744,210,7,40
1256,South America,,2005,0.000744,210,7,41
1257,South America,,2006,0.000744,210,7,42
1258,South America,,2007,0.000744,210,7,43
1259,South America,,2008,0.00079,210,7,44
1260,South America,,2009,0.00084000003,210,7,45
1261,South America,,2010,0.00088,210,7,46
1262,South America,,2011,0.007349,210,7,47
1263,South America,,2012,0.01486,210,7,48
1264,South America,,2013,0.035785,210,7,49
1265,South America,,2014,0.249949,210,7,50
1266,South America,,2015,0.630185,210,7,51
1267,South America,,2016,1.261595,210,7,52
1268,South America,,2017,3.024593,210,7,53
1269,South America,,2018,4.763258,210,7,54
1270,South America,,2019,7.709,210,7,55
1271,South America,,2020,11.84873,210,7,56
1272,South America,,2021,18.486299,210,7,57
1273,South Korea,KOR,1996,0.0,211,6,32
1274,South Korea,KOR,1997,0.0,211,6,33
1275,South Korea,KOR,1998,0.0,211,6,34
1276,South Korea,KOR,1999,0.0,211,6,35
1277,South Korea,KOR,2000,0.004,211,6,36
1278,South Korea,KOR,2001,0.005,211,6,37
1279,South Korea,KOR,2002,0.005,211,6,38
1280,South Korea,KOR,2003,0.006,211,6,39
1281,South Korea,KOR,2004,0.009,211,6,40
1282,South Korea,KOR,2005,0.014,211,6,41
1283,South Korea,KOR,2006,0.036,211,6,42
1284,South Korea,KOR,2007,0.081,211,6,43
1285,South Korea,KOR,2008,0.357,211,6,44
1286,South Korea,KOR,2009,0.524,211,6,45
1287,South Korea,KOR,2010,0.65,211,6,46
1288,South Korea,KOR,2011,0.73,211,6,47
1289,South Korea,KOR,2012,1.024,211,6,48
1290,South Korea,KOR,2013,1.555,211,6,49
1291,South Korea,KOR,2014,2.481,211,6,50
1292,South Korea,KOR,2015,3.615,211,6,51
1293,South Korea,KOR,2016,4.502,211,6,52
1294,South Korea,KOR,2017,5.835,211,6,53
1295,South Korea,KOR,2018,8.099,211,6,54
1296,South Korea,KOR,2019,11.952,211,6,55
1297,South Korea,KOR,2020,14.574791,211,6,56
1298,South Korea,KOR,2021,18.160574,211,6,57
1299,South and Central America (BP),,1996,0.0,213,7,32
1300,South and Central America (BP),,1997,0.0,213,7,33
1301,South and Central America (BP),,1998,0.0,213,7,34
1302,South and Central America (BP),,1999,0.002,213,7,35
1303,South and Central America (BP),,2000,0.004522,213,7,36
1304,South and Central America (BP),,2001,0.007367,213,7,37
1305,South and Central America (BP),,2002,0.0096709999999999,213,7,38
1306,South and Central America (BP),,2003,0.01242,213,7,39
1307,South and Central America (BP),,2004,0.014613,213,7,40
1308,South and Central America (BP),,2005,0.017013,213,7,41
1309,South and Central America (BP),,2006,0.022773,213,7,42
1310,South and Central America (BP),,2007,0.028982,213,7,43
1311,South and Central America (BP),,2008,0.037997,213,7,44
1312,South and Central America (BP),,2009,0.062194,213,7,45
1313,South and Central America (BP),,2010,0.119739,213,7,46
1314,South and Central America (BP),,2011,0.188162,213,7,47
1315,South and Central America (BP),,2012,0.3655029999999999,213,7,48
1316,South and Central America (BP),,2013,0.479338,213,7,49
1317,South and Central America (BP),,2014,0.807515,213,7,50
1318,South and Central America (BP),,2015,1.902919,213,7,51
1319,South and Central America (BP),,2016,2.756455,213,7,52
1320,South and Central America (BP),,2017,5.282814999999999,213,7,53
1321,South and Central America (BP),,2018,7.508274,213,7,54
1322,South and Central America (BP),,2019,11.024064,213,7,55
1323,South and Central America (BP),,2020,15.544097,213,7,56
1324,South and Central America (BP),,2021,22.816424,213,7,57
1325,Spain,ESP,1996,0.001,214,5,32
1326,Spain,ESP,1997,0.001,214,5,33
1327,Spain,ESP,1998,0.001,214,5,34
1328,Spain,ESP,1999,0.002,214,5,35
1329,Spain,ESP,2000,0.01,214,5,36
1330,Spain,ESP,2001,0.013,214,5,37
1331,Spain,ESP,2002,0.017,214,5,38
1332,Spain,ESP,2003,0.022,214,5,39
1333,Spain,ESP,2004,0.033,214,5,40
1334,Spain,ESP,2005,0.052,214,5,41
1335,Spain,ESP,2006,0.13,214,5,42
1336,Spain,ESP,2007,0.494,214,5,43
1337,Spain,ESP,2008,3.384,214,5,44
1338,Spain,ESP,2009,3.423,214,5,45
1339,Spain,ESP,2010,3.873,214,5,46
1340,Spain,ESP,2011,4.283,214,5,47
1341,Spain,ESP,2012,4.569,214,5,48
1342,Spain,ESP,2013,4.69,214,5,49
1343,Spain,ESP,2014,4.697,214,5,50
1344,Spain,ESP,2015,4.704,214,5,51
1345,Spain,ESP,2016,4.713,214,5,52
1346,Spain,ESP,2017,4.723,214,5,53
1347,Spain,ESP,2018,4.763607,214,5,54
1348,Spain,ESP,2019,8.839253000000001,214,5,55
1349,Spain,ESP,2020,10.285477,214,5,56
1350,Spain,ESP,2021,13.648477000000002,214,5,57
1351,Sweden,SWE,1996,0.002,218,5,32
1352,Sweden,SWE,1997,0.002,218,5,33
1353,Sweden,SWE,1998,0.002,218,5,34
1354,Sweden,SWE,1999,0.003,218,5,35
1355,Sweden,SWE,2000,0.003,218,5,36
1356,Sweden,SWE,2001,0.003,218,5,37
1357,Sweden,SWE,2002,0.003,218,5,38
1358,Sweden,SWE,2003,0.004,218,5,39
1359,Sweden,SWE,2004,0.004,218,5,40
1360,Sweden,SWE,2005,0.004,218,5,41
1361,Sweden,SWE,2006,0.005,218,5,42
1362,Sweden,SWE,2007,0.006,218,5,43
1363,Sweden,SWE,2008,0.008,218,5,44
1364,Sweden,SWE,2009,0.009,218,5,45
1365,Sweden,SWE,2010,0.011,218,5,46
1366,Sweden,SWE,2011,0.012,218,5,47
1367,Sweden,SWE,2012,0.024,218,5,48
1368,Sweden,SWE,2013,0.043,218,5,49
1369,Sweden,SWE,2014,0.06,218,5,50
1370,Sweden,SWE,2015,0.104,218,5,51
1371,Sweden,SWE,2016,0.153,218,5,52
1372,Sweden,SWE,2017,0.244,218,5,53
1373,Sweden,SWE,2018,0.428,218,5,54
1374,Sweden,SWE,2019,0.714,218,5,55
1375,Sweden,SWE,2020,1.107,218,5,56
1376,Sweden,SWE,2021,1.5774,218,5,57
1377,Switzerland,CHE,1996,0.008,219,5,32
1378,Switzerland,CHE,1997,0.01,219,5,33
1379,Switzerland,CHE,1998,0.012,219,5,34
1380,Switzerland,CHE,1999,0.013,219,5,35
1381,Switzerland,CHE,2000,0.016,219,5,36
1382,Switzerland,CHE,2001,0.018,219,5,37
1383,Switzerland,CHE,2002,0.02,219,5,38
1384,Switzerland,CHE,2003,0.022,219,5,39
1385,Switzerland,CHE,2004,0.024,219,5,40
1386,Switzerland,CHE,2005,0.028,219,5,41
1387,Switzerland,CHE,2006,0.03,219,5,42
1388,Switzerland,CHE,2007,0.037,219,5,43
1389,Switzerland,CHE,2008,0.049,219,5,44
1390,Switzerland,CHE,2009,0.079,219,5,45
1391,Switzerland,CHE,2010,0.125,219,5,46
1392,Switzerland,CHE,2011,0.223,219,5,47
1393,Switzerland,CHE,2012,0.437,219,5,48
1394,Switzerland,CHE,2013,0.756,219,5,49
1395,Switzerland,CHE,2014,1.061,219,5,50
1396,Switzerland,CHE,2015,1.394,219,5,51
1397,Switzerland,CHE,2016,1.664,219,5,52
1398,Switzerland,CHE,2017,1.906,219,5,53
1399,Switzerland,CHE,2018,2.173,219,5,54
1400,Switzerland,CHE,2019,2.498,219,5,55
1401,Switzerland,CHE,2020,2.97339,219,5,56
1402,Switzerland,CHE,2021,3.44878,219,5,57
1403,Taiwan,TWN,1996,0.0,221,6,32
1404,Taiwan,TWN,1997,0.0,221,6,33
1405,Taiwan,TWN,1998,0.0,221,6,34
1406,Taiwan,TWN,1999,0.0,221,6,35
1407,Taiwan,TWN,2000,0.0001,221,6,36
1408,Taiwan,TWN,2001,0.0002,221,6,37
1409,Taiwan,TWN,2002,0.00033,221,6,38
1410,Taiwan,TWN,2003,0.00045,221,6,39
1411,Taiwan,TWN,2004,0.00057,221,6,40
1412,Taiwan,TWN,2005,0.00104,221,6,41
1413,Taiwan,TWN,2006,0.00141,221,6,42
1414,Taiwan,TWN,2007,0.00244,221,6,43
1415,Taiwan,TWN,2008,0.00558,221,6,44
1416,Taiwan,TWN,2009,0.00951,221,6,45
1417,Taiwan,TWN,2010,0.034555,221,6,46
1418,Taiwan,TWN,2011,0.129912,221,6,47
1419,Taiwan,TWN,2012,0.231281,221,6,48
1420,Taiwan,TWN,2013,0.4099379999999999,221,6,49
1421,Taiwan,TWN,2014,0.635951,221,6,50
1422,Taiwan,TWN,2015,0.884251,221,6,51
1423,Taiwan,TWN,2016,1.245055,221,6,52
1424,Taiwan,TWN,2017,1.767702,221,6,53
1425,Taiwan,TWN,2018,2.738119,221,6,54
1426,Taiwan,TWN,2019,4.149539,221,6,55
1427,Taiwan,TWN,2020,5.817205,221,6,56
1428,Taiwan,TWN,2021,7.700213,221,6,57
1429,Thailand,THA,1996,0.0,224,6,32
1430,Thailand,THA,1997,0.0,224,6,33
1431,Thailand,THA,1998,0.0,224,6,34
1432,Thailand,THA,1999,0.0,224,6,35
1433,Thailand,THA,2000,0.0,224,6,36
1434,Thailand,THA,2001,0.0,224,6,37
1435,Thailand,THA,2002,0.0,224,6,38
1436,Thailand,THA,2003,0.0,224,6,39
1437,Thailand,THA,2004,0.0,224,6,40
1438,Thailand,THA,2005,0.0,224,6,41
1439,Thailand,THA,2006,0.03041,224,6,42
1440,Thailand,THA,2007,0.03225,224,6,43
1441,Thailand,THA,2008,0.03235,224,6,44
1442,Thailand,THA,2009,0.037,224,6,45
1443,Thailand,THA,2010,0.0486,224,6,46
1444,Thailand,THA,2011,0.0787,224,6,47
1445,Thailand,THA,2012,0.3767,224,6,48
1446,Thailand,THA,2013,0.8235,224,6,49
1447,Thailand,THA,2014,1.2985,224,6,50
1448,Thailand,THA,2015,1.4196,224,6,51
1449,Thailand,THA,2016,2.4461,224,6,52
1450,Thailand,THA,2017,2.6972600000000004,224,6,53
1451,Thailand,THA,2018,2.96244,224,6,54
1452,Thailand,THA,2019,2.98262,224,6,55
1453,Thailand,THA,2020,2.98262,224,6,56
1454,Thailand,THA,2021,3.04362,224,6,57
1455,Turkey,TUR,1996,0.0,230,6,32
1456,Turkey,TUR,1997,0.0,230,6,33
1457,Turkey,TUR,1998,0.0,230,6,34
1458,Turkey,TUR,1999,0.0,230,6,35
1459,Turkey,TUR,2000,0.0001,230,6,36
1460,Turkey,TUR,2001,0.0003,230,6,37
1461,Turkey,TUR,2002,0.0006,230,6,38
1462,Turkey,TUR,2003,0.001,230,6,39
1463,Turkey,TUR,2004,0.0015,230,6,40
1464,Turkey,TUR,2005,0.002,230,6,41
1465,Turkey,TUR,2006,0.0025,230,6,42
1466,Turkey,TUR,2007,0.003,230,6,43
1467,Turkey,TUR,2008,0.0037,230,6,44
1468,Turkey,TUR,2009,0.0047,230,6,45
1469,Turkey,TUR,2010,0.0057,230,6,46
1470,Turkey,TUR,2011,0.0067,230,6,47
1471,Turkey,TUR,2012,0.0117,230,6,48
1472,Turkey,TUR,2013,0.0177,230,6,49
1473,Turkey,TUR,2014,0.04,230,6,50
1474,Turkey,TUR,2015,0.249,230,6,51
1475,Turkey,TUR,2016,0.833,230,6,52
1476,Turkey,TUR,2017,3.4207,230,6,53
1477,Turkey,TUR,2018,5.062608,230,6,54
1478,Turkey,TUR,2019,5.995155,230,6,55
1479,Turkey,TUR,2020,6.667355,230,6,56
1480,Turkey,TUR,2021,7.815555000000001,230,6,57
1481,Ukraine,UKR,1996,0.0,235,5,32
1482,Ukraine,UKR,1997,0.0,235,5,33
1483,Ukraine,UKR,1998,0.0,235,5,34
1484,Ukraine,UKR,1999,0.0,235,5,35
1485,Ukraine,UKR,2000,0.0,235,5,36
1486,Ukraine,UKR,2001,0.0,235,5,37
1487,Ukraine,UKR,2002,0.0,235,5,38
1488,Ukraine,UKR,2003,0.0,235,5,39
1489,Ukraine,UKR,2004,0.0,235,5,40
1490,Ukraine,UKR,2005,0.0,235,5,41
1491,Ukraine,UKR,2006,0.0,235,5,42
1492,Ukraine,UKR,2007,0.0,235,5,43
1493,Ukraine,UKR,2008,0.0,235,5,44
1494,Ukraine,UKR,2009,0.0,235,5,45
1495,Ukraine,UKR,2010,0.0025,235,5,46
1496,Ukraine,UKR,2011,0.1882,235,5,47
1497,Ukraine,UKR,2012,0.3716,235,5,48
1498,Ukraine,UKR,2013,0.7484,235,5,49
1499,Ukraine,UKR,2014,0.8191,235,5,50
1500,Ukraine,UKR,2015,0.8412000000000001,235,5,51
1501,Ukraine,UKR,2016,0.9547,235,5,52
1502,Ukraine,UKR,2017,1.2,235,5,53
1503,Ukraine,UKR,2018,2.002688,235,5,54
1504,Ukraine,UKR,2019,5.935688,235,5,55
1505,Ukraine,UKR,2020,7.331,235,5,56
1506,Ukraine,UKR,2021,8.062,235,5,57
1507,United Arab Emirates,ARE,1996,0.0,236,6,32
1508,United Arab Emirates,ARE,1997,0.0,236,6,33
1509,United Arab Emirates,ARE,1998,0.0,236,6,34
1510,United Arab Emirates,ARE,1999,0.0,236,6,35
1511,United Arab Emirates,ARE,2000,0.0,236,6,36
1512,United Arab Emirates,ARE,2001,0.0,236,6,37
1513,United Arab Emirates,ARE,2002,0.0,236,6,38
1514,United Arab Emirates,ARE,2003,0.0,236,6,39
1515,United Arab Emirates,ARE,2004,0.0,236,6,40
1516,United Arab Emirates,ARE,2005,0.0,236,6,41
1517,United Arab Emirates,ARE,2006,0.0,236,6,42
1518,United Arab Emirates,ARE,2007,0.0,236,6,43
1519,United Arab Emirates,ARE,2008,0.0,236,6,44
1520,United Arab Emirates,ARE,2009,0.010076,236,6,45
1521,United Arab Emirates,ARE,2010,0.010826,236,6,46
1522,United Arab Emirates,ARE,2011,0.012751,236,6,47
1523,United Arab Emirates,ARE,2012,0.0132059999999999,236,6,48
1524,United Arab Emirates,ARE,2013,0.025802,236,6,49
1525,United Arab Emirates,ARE,2014,0.033171,236,6,50
1526,United Arab Emirates,ARE,2015,0.033406,236,6,51
1527,United Arab Emirates,ARE,2016,0.040406,236,6,52
1528,United Arab Emirates,ARE,2017,0.255036,236,6,53
1529,United Arab Emirates,ARE,2018,0.498305,236,6,54
1530,United Arab Emirates,ARE,2019,1.81787,236,6,55
1531,United Arab Emirates,ARE,2020,2.205397,236,6,56
1532,United Arab Emirates,ARE,2021,2.605047,236,6,57
1533,United Kingdom,GBR,1996,0.0002,237,5,32
1534,United Kingdom,GBR,1997,0.0004,237,5,33
1535,United Kingdom,GBR,1998,0.0005,237,5,34
1536,United Kingdom,GBR,1999,0.0009,237,5,35
1537,United Kingdom,GBR,2000,0.002,237,5,36
1538,United Kingdom,GBR,2001,0.003,237,5,37
1539,United Kingdom,GBR,2002,0.004,237,5,38
1540,United Kingdom,GBR,2003,0.006,237,5,39
1541,United Kingdom,GBR,2004,0.008,237,5,40
1542,United Kingdom,GBR,2005,0.011,237,5,41
1543,United Kingdom,GBR,2006,0.014,237,5,42
1544,United Kingdom,GBR,2007,0.018,237,5,43
1545,United Kingdom,GBR,2008,0.023,237,5,44
1546,United Kingdom,GBR,2009,0.027,237,5,45
1547,United Kingdom,GBR,2010,0.095,237,5,46
1548,United Kingdom,GBR,2011,1.0,237,5,47
1549,United Kingdom,GBR,2012,1.753,237,5,48
1550,United Kingdom,GBR,2013,2.9370000000000003,237,5,49
1551,United Kingdom,GBR,2014,5.5280000000000005,237,5,50
1552,United Kingdom,GBR,2015,9.601219,237,5,51
1553,United Kingdom,GBR,2016,11.914,237,5,52
1554,United Kingdom,GBR,2017,12.76,237,5,53
1555,United Kingdom,GBR,2018,13.073,237,5,54
1556,United Kingdom,GBR,2019,13.346,237,5,55
1557,United Kingdom,GBR,2020,13.46248,237,5,56
1558,United Kingdom,GBR,2021,13.689,237,5,57
1559,United States,USA,1996,0.0139,238,2,32
1560,United States,USA,1997,0.0146,238,2,33
1561,United States,USA,1998,0.0152,238,2,34
1562,United States,USA,1999,0.0166,238,2,35
1563,United States,USA,2000,0.176,238,2,36
1564,United States,USA,2001,0.213,238,2,37
1565,United States,USA,2002,0.255,238,2,38
1566,United States,USA,2003,0.293,238,2,39
1567,United States,USA,2004,0.363,238,2,40
1568,United States,USA,2005,0.493,238,2,41
1569,United States,USA,2006,0.6980000000000001,238,2,42
1570,United States,USA,2007,0.974,238,2,43
1571,United States,USA,2008,1.153,238,2,44
1572,United States,USA,2009,1.614,238,2,45
1573,United States,USA,2010,2.9090000000000003,238,2,46
1574,United States,USA,2011,5.172,238,2,47
1575,United States,USA,2012,8.137,238,2,48
1576,United States,USA,2013,11.759,238,2,49
1577,United States,USA,2014,15.984,238,2,50
1578,United States,USA,2015,21.684,238,2,51
1579,United States,USA,2016,32.958,238,2,52
1580,United States,USA,2017,41.357,238,2,53
1581,United States,USA,2018,49.812,238,2,54
1582,United States,USA,2019,59.068,238,2,55
1583,United States,USA,2020,73.8137,238,2,56
1584,United States,USA,2021,93.713016,238,2,57
1585,Upper-middle-income countries,,1996,0.011,240,8,32
1586,Upper-middle-income countries,,1997,0.0155,240,8,33
1587,Upper-middle-income countries,,1998,0.021,240,8,34
1588,Upper-middle-income countries,,1999,0.029,240,8,35
1589,Upper-middle-income countries,,2000,0.047655003,240,8,36
1590,Upper-middle-income countries,,2001,0.053397,240,8,37
1591,Upper-middle-income countries,,2002,0.073207,240,8,38
1592,Upper-middle-income countries,,2003,0.084356995,240,8,39
1593,Upper-middle-income countries,,2004,0.094859,240,8,40
1594,Upper-middle-income countries,,2005,0.159959,240,8,41
1595,Upper-middle-income countries,,2006,0.209869,240,8,42
1596,Upper-middle-income countries,,2007,0.254489,240,8,43
1597,Upper-middle-income countries,,2008,0.309595,240,8,44
1598,Upper-middle-income countries,,2009,0.48509497,240,8,45
1599,Upper-middle-income countries,,2010,1.134408,240,8,46
1600,Upper-middle-income countries,,2011,3.4042173,240,8,47
1601,Upper-middle-income countries,,2012,8.288913,240,8,48
1602,Upper-middle-income countries,,2013,20.901484,240,8,49
1603,Upper-middle-income countries,,2014,33.521773,240,8,50
1604,Upper-middle-income countries,,2015,49.487402,240,8,51
1605,Upper-middle-income countries,,2016,86.91714,240,8,52
1606,Upper-middle-income countries,,2017,145.83273000000003,240,8,53
1607,Upper-middle-income countries,,2018,196.80761,240,8,54
1608,Upper-middle-income countries,,2019,233.24031,240,8,55
1609,Upper-middle-income countries,,2020,289.18834000000004,240,8,56
1610,Upper-middle-income countries,,2021,351.68762,240,8,57
1611,Vietnam,VNM,2000,2e-06,245,6,36
1612,Vietnam,VNM,2001,0.000108,245,6,37
1613,Vietnam,VNM,2002,0.000236,245,6,38
1614,Vietnam,VNM,2003,0.000406,245,6,39
1615,Vietnam,VNM,2004,0.000747,245,6,40
1616,Vietnam,VNM,2005,0.001885,245,6,41
1617,Vietnam,VNM,2006,0.003424,245,6,42
1618,Vietnam,VNM,2007,0.003424,245,6,43
1619,Vietnam,VNM,2008,0.003424,245,6,44
1620,Vietnam,VNM,2009,0.003515,245,6,45
1621,Vietnam,VNM,2010,0.004518,245,6,46
1622,Vietnam,VNM,2011,0.004518,245,6,47
1623,Vietnam,VNM,2012,0.004518,245,6,48
1624,Vietnam,VNM,2013,0.004518,245,6,49
1625,Vietnam,VNM,2014,0.00529,245,6,50
1626,Vietnam,VNM,2015,0.00529,245,6,51
1627,Vietnam,VNM,2016,0.00529,245,6,52
1628,Vietnam,VNM,2017,0.007992,245,6,53
1629,Vietnam,VNM,2018,0.104992,245,6,54
1630,Vietnam,VNM,2019,4.99349,245,6,55
1631,Vietnam,VNM,2020,16.660490000000003,245,6,56
1632,Vietnam,VNM,2021,16.660490000000003,245,6,57
1633,World,OWID_WRL,1996,0.17181242,248,8,32
1634,World,OWID_WRL,1997,0.23173727,248,8,33
1635,World,OWID_WRL,1998,0.30496213,248,8,34
1636,World,OWID_WRL,1999,0.4235994,248,8,35
1637,World,OWID_WRL,2000,0.808669,248,8,36
1638,World,OWID_WRL,2001,1.0929860000000002,248,8,37
1639,World,OWID_WRL,2002,1.437059,248,8,38
1640,World,OWID_WRL,2003,1.96503,248,8,39
1641,World,OWID_WRL,2004,3.051979,248,8,40
1642,World,OWID_WRL,2005,4.548119,248,8,41
1643,World,OWID_WRL,2006,6.093193,248,8,42
1644,World,OWID_WRL,2007,8.506466,248,8,43
1645,World,OWID_WRL,2008,14.729541,248,8,44
1646,World,OWID_WRL,2009,22.844467,248,8,45
1647,World,OWID_WRL,2010,40.33781,248,8,46
1648,World,OWID_WRL,2011,72.21597,248,8,47
1649,World,OWID_WRL,2012,101.74533,248,8,48
1650,World,OWID_WRL,2013,137.22697,248,8,49
1651,World,OWID_WRL,2014,175.61717000000002,248,8,50
1652,World,OWID_WRL,2015,223.2036,248,8,51
1653,World,OWID_WRL,2016,295.2289,248,8,52
1654,World,OWID_WRL,2017,390.20653,248,8,53
1655,World,OWID_WRL,2018,483.0118,248,8,54
1656,World,OWID_WRL,2019,584.6857,248,8,55
1657,World,OWID_WRL,2020,710.2811,248,8,56
1658,World,OWID_WRL,2021,843.0860600000001,248,8,57
